<BackupInst xmlns="http://www.microsoft.com/GroupPolicy/GPOOperations/Manifest"><GPOGuid><![CDATA[{6EFF0ABE-0BA8-4970-9607-6DB4F4ED6F91}]]></GPOGuid><GPODomain><![CDATA[ourofino.dom]]></GPODomain><GPODomainGuid><![CDATA[{4e8f732f-ab42-4f02-ac46-7f702bf0e8c0}]]></GPODomainGuid><GPODomainController><![CDATA[ORFW12CACD01.ourofino.dom]]></GPODomainController><BackupTime><![CDATA[2024-07-31T19:28:19]]></BackupTime><ID><![CDATA[{26E14117-4E47-4E4F-841E-56AEAAF16373}]]></ID><Comment><![CDATA[]]></Comment><GPODisplayName><![CDATA[Hardening-COMP_L1_IG1_WKS-Administrative_Templates_Computer_Windows_Components]]></GPODisplayName></BackupInst>
