<BackupInst xmlns="http://www.microsoft.com/GroupPolicy/GPOOperations/Manifest"><GPOGuid><![CDATA[{742FD767-176F-4292-A6E3-0195C238F6C4}]]></GPOGuid><GPODomain><![CDATA[ourofino.dom]]></GPODomain><GPODomainGuid><![CDATA[{4e8f732f-ab42-4f02-ac46-7f702bf0e8c0}]]></GPODomainGuid><GPODomainController><![CDATA[ORFW12CACD01.ourofino.dom]]></GPODomainController><BackupTime><![CDATA[2024-08-01T11:37:44]]></BackupTime><ID><![CDATA[{9335D16C-BBE7-4DC4-A44E-FC9901308531}]]></ID><Comment><![CDATA[]]></Comment><GPODisplayName><![CDATA[Hardening-COMP_L2_IG2_WKS-Administrative_Templates_Computer_Windows_Components]]></GPODisplayName></BackupInst>
