<BackupInst xmlns="http://www.microsoft.com/GroupPolicy/GPOOperations/Manifest"><GPOGuid><![CDATA[{2624507B-4972-467F-BE9C-18EDDB0973D2}]]></GPOGuid><GPODomain><![CDATA[ourofino.dom]]></GPODomain><GPODomainGuid><![CDATA[{4e8f732f-ab42-4f02-ac46-7f702bf0e8c0}]]></GPODomainGuid><GPODomainController><![CDATA[ORFW12CACD01.ourofino.dom]]></GPODomainController><BackupTime><![CDATA[2024-07-31T19:29:11]]></BackupTime><ID><![CDATA[{83E79C22-A6F4-4684-8C6A-F6BF42AC9D8E}]]></ID><Comment><![CDATA[]]></Comment><GPODisplayName><![CDATA[Hardening-COMP_L1_IG2_WKS-Administrative_Templates_Computer_Windows_Components]]></GPODisplayName></BackupInst>
