<?xml version="1.0" encoding="utf-8"?><!-- Copyright (c) Microsoft Corporation.  All rights reserved. --><GroupPolicyBackupScheme bkp:version="2.0" bkp:type="GroupPolicyBackupTemplate" xmlns:bkp="http://www.microsoft.com/GroupPolicy/GPOOperations" xmlns="http://www.microsoft.com/GroupPolicy/GPOOperations">
    <GroupPolicyObject><SecurityGroups><Group bkp:Source="FromDACL"><Sid><![CDATA[S-1-5-21-1482133250-1625984252-2911637778-512]]></Sid><SamAccountName><![CDATA[Admins. do domínio]]></SamAccountName><Type><![CDATA[GlobalGroup]]></Type><NetBIOSDomainName><![CDATA[OUROFINO]]></NetBIOSDomainName><DnsDomainName><![CDATA[ourofino.dom]]></DnsDomainName><UPN><![CDATA[Admins. do domínio@ourofino.dom]]></UPN></Group><Group bkp:Source="FromDACL"><Sid><![CDATA[S-1-5-21-1482133250-1625984252-2911637778-519]]></Sid><SamAccountName><![CDATA[Administração de empresa]]></SamAccountName><Type><![CDATA[UniversalGroup]]></Type><NetBIOSDomainName><![CDATA[OUROFINO]]></NetBIOSDomainName><DnsDomainName><![CDATA[ourofino.dom]]></DnsDomainName><UPN><![CDATA[Administração de empresa@ourofino.dom]]></UPN></Group><Group bkp:Source="FromDACL"><Sid><![CDATA[S-1-5-21-1482133250-1625984252-2911637778-39420]]></Sid><SamAccountName><![CDATA[Hardening Symbioti Quimica All]]></SamAccountName><Type><![CDATA[UniversalGroup]]></Type><NetBIOSDomainName><![CDATA[OUROFINO]]></NetBIOSDomainName><DnsDomainName><![CDATA[ourofino.dom]]></DnsDomainName><UPN><![CDATA[Hardening Symbioti Quimica All@ourofino.dom]]></UPN></Group></SecurityGroups><FilePaths/><GroupPolicyCoreSettings><ID><![CDATA[{65FCD18F-18C7-484F-80B9-13B899E522E1}]]></ID><Domain><![CDATA[ourofino.dom]]></Domain><SecurityDescriptor>01 00 04 9c 00 00 00 00 00 00 00 00 00 00 00 00 14 00 00 00 04 00 48 01 0a 00 00 00 05 02 38 00 00 01 00 00 01 00 00 00 8f fd ac ed b3 ff d1 11 b4 1d 00 a0 c9 68 f9 39 01 05 00 00 00 00 00 05 15 00 00 00 02 8f 57 58 fc 8c ea 60 12 11 8c ad fc 99 00 00 05 02 28 00 00 01 00 00 01 00 00 00 8f fd ac ed b3 ff d1 11 b4 1d 00 a0 c9 68 f9 39 01 01 00 00 00 00 00 05 0b 00 00 00 00 00 24 00 ff 00 0f 00 01 05 00 00 00 00 00 05 15 00 00 00 02 8f 57 58 fc 8c ea 60 12 11 8c ad 00 02 00 00 00 02 24 00 14 00 02 00 01 05 00 00 00 00 00 05 15 00 00 00 02 8f 57 58 fc 8c ea 60 12 11 8c ad fc 99 00 00 00 02 24 00 ff 00 0f 00 01 05 00 00 00 00 00 05 15 00 00 00 02 8f 57 58 fc 8c ea 60 12 11 8c ad 00 02 00 00 00 02 24 00 ff 00 0f 00 01 05 00 00 00 00 00 05 15 00 00 00 02 8f 57 58 fc 8c ea 60 12 11 8c ad 07 02 00 00 00 02 14 00 14 00 02 00 01 01 00 00 00 00 00 05 0b 00 00 00 00 02 14 00 94 00 02 00 01 01 00 00 00 00 00 05 09 00 00 00 00 02 14 00 ff 00 0f 00 01 01 00 00 00 00 00 05 12 00 00 00 00 0a 14 00 ff 00 0f 00 01 01 00 00 00 00 00 03 00 00 00 00</SecurityDescriptor><DisplayName><![CDATA[Hardening-WKS-GERAL II]]></DisplayName><Options><![CDATA[0]]></Options><UserVersionNumber><![CDATA[65537]]></UserVersionNumber><MachineVersionNumber><![CDATA[65537]]></MachineVersionNumber><MachineExtensionGuids><![CDATA[[{00000000-0000-0000-0000-000000000000}{CC5746A9-9B74-4BE5-AE2E-64379C86E0E4}][{35378EAC-683F-11D2-A89A-00C04FBBCFA2}{D02B1F72-3407-48AE-BA88-E8213C6761F1}][{91FBB303-0CD5-4055-BF42-E512A681B325}{CC5746A9-9B74-4BE5-AE2E-64379C86E0E4}]]]></MachineExtensionGuids><UserExtensionGuids/><WMIFilter/></GroupPolicyCoreSettings> 
        <GroupPolicyExtension bkp:ID="{35378EAC-683F-11D2-A89A-00C04FBBCFA2}" bkp:DescName="Registry">
            <FSObjectFile bkp:Path="%GPO_MACH_FSPATH%\registry.pol" bkp:SourceExpandedPath="\\ORFW12CACD01.ourofino.dom\sysvol\ourofino.dom\Policies\{65FCD18F-18C7-484F-80B9-13B899E522E1}\Machine\registry.pol" bkp:Location="DomainSysvol\GPO\Machine\registry.pol"/>
            
            <FSObjectFile bkp:Path="%GPO_FSPATH%\Adm\*.*" bkp:SourceExpandedPath="\\ORFW12CACD01.ourofino.dom\sysvol\ourofino.dom\Policies\{65FCD18F-18C7-484F-80B9-13B899E522E1}\Adm\*.*"/>
        </GroupPolicyExtension>
        
        
        
        
        
        
        
        
        
    <GroupPolicyExtension bkp:ID="{F15C46CD-82A0-4C2D-A210-5D0D3182A418}" bkp:DescName="Unknown Extension"><FSObjectFile bkp:Path="%GPO_MACH_FSPATH%\comment.cmtx" bkp:SourceExpandedPath="\\ORFW12CACD01.ourofino.dom\sysvol\ourofino.dom\Policies\{65FCD18F-18C7-484F-80B9-13B899E522E1}\Machine\comment.cmtx" bkp:Location="DomainSysvol\GPO\Machine\comment.cmtx"/><FSObjectDir bkp:Path="%GPO_MACH_FSPATH%\Microsoft" bkp:SourceExpandedPath="\\ORFW12CACD01.ourofino.dom\sysvol\ourofino.dom\Policies\{65FCD18F-18C7-484F-80B9-13B899E522E1}\Machine\Microsoft" bkp:Location="DomainSysvol\GPO\Machine\Microsoft"/><FSObjectDir bkp:Path="%GPO_MACH_FSPATH%\Microsoft\Windows NT" bkp:SourceExpandedPath="\\ORFW12CACD01.ourofino.dom\sysvol\ourofino.dom\Policies\{65FCD18F-18C7-484F-80B9-13B899E522E1}\Machine\Microsoft\Windows NT" bkp:Location="DomainSysvol\GPO\Machine\Microsoft\Windows NT"/><FSObjectDir bkp:Path="%GPO_MACH_FSPATH%\Microsoft\Windows NT\SecEdit" bkp:SourceExpandedPath="\\ORFW12CACD01.ourofino.dom\sysvol\ourofino.dom\Policies\{65FCD18F-18C7-484F-80B9-13B899E522E1}\Machine\Microsoft\Windows NT\SecEdit" bkp:Location="DomainSysvol\GPO\Machine\Microsoft\Windows NT\SecEdit"/><FSObjectFile bkp:Path="%GPO_MACH_FSPATH%\Microsoft\Windows NT\SecEdit\GptTmpl.inf" bkp:SourceExpandedPath="\\ORFW12CACD01.ourofino.dom\sysvol\ourofino.dom\Policies\{65FCD18F-18C7-484F-80B9-13B899E522E1}\Machine\Microsoft\Windows NT\SecEdit\GptTmpl.inf" bkp:Location="DomainSysvol\GPO\Machine\Microsoft\Windows NT\SecEdit\GptTmpl.inf"/><FSObjectDir bkp:Path="%GPO_MACH_FSPATH%\Preferences" bkp:SourceExpandedPath="\\ORFW12CACD01.ourofino.dom\sysvol\ourofino.dom\Policies\{65FCD18F-18C7-484F-80B9-13B899E522E1}\Machine\Preferences" bkp:Location="DomainSysvol\GPO\Machine\Preferences"/><FSObjectDir bkp:Path="%GPO_MACH_FSPATH%\Preferences\Services" bkp:SourceExpandedPath="\\ORFW12CACD01.ourofino.dom\sysvol\ourofino.dom\Policies\{65FCD18F-18C7-484F-80B9-13B899E522E1}\Machine\Preferences\Services" bkp:Location="DomainSysvol\GPO\Machine\Preferences\Services"/><FSObjectFile bkp:Path="%GPO_MACH_FSPATH%\Preferences\Services\Services.xml" bkp:SourceExpandedPath="\\ORFW12CACD01.ourofino.dom\sysvol\ourofino.dom\Policies\{65FCD18F-18C7-484F-80B9-13B899E522E1}\Machine\Preferences\Services\Services.xml" bkp:Location="DomainSysvol\GPO\Machine\Preferences\Services\Services.xml"/><FSObjectDir bkp:Path="%GPO_MACH_FSPATH%\Scripts" bkp:SourceExpandedPath="\\ORFW12CACD01.ourofino.dom\sysvol\ourofino.dom\Policies\{65FCD18F-18C7-484F-80B9-13B899E522E1}\Machine\Scripts" bkp:Location="DomainSysvol\GPO\Machine\Scripts"/><FSObjectDir bkp:Path="%GPO_MACH_FSPATH%\Scripts\Shutdown" bkp:SourceExpandedPath="\\ORFW12CACD01.ourofino.dom\sysvol\ourofino.dom\Policies\{65FCD18F-18C7-484F-80B9-13B899E522E1}\Machine\Scripts\Shutdown" bkp:Location="DomainSysvol\GPO\Machine\Scripts\Shutdown"/><FSObjectDir bkp:Path="%GPO_MACH_FSPATH%\Scripts\Startup" bkp:SourceExpandedPath="\\ORFW12CACD01.ourofino.dom\sysvol\ourofino.dom\Policies\{65FCD18F-18C7-484F-80B9-13B899E522E1}\Machine\Scripts\Startup" bkp:Location="DomainSysvol\GPO\Machine\Scripts\Startup"/></GroupPolicyExtension></GroupPolicyObject>
</GroupPolicyBackupScheme>