<BackupInst xmlns="http://www.microsoft.com/GroupPolicy/GPOOperations/Manifest"><GPOGuid><![CDATA[{65FCD18F-18C7-484F-80B9-13B899E522E1}]]></GPOGuid><GPODomain><![CDATA[ourofino.dom]]></GPODomain><GPODomainGuid><![CDATA[{4e8f732f-ab42-4f02-ac46-7f702bf0e8c0}]]></GPODomainGuid><GPODomainController><![CDATA[ORFW12CACD01.ourofino.dom]]></GPODomainController><BackupTime><![CDATA[2024-08-01T11:39:53]]></BackupTime><ID><![CDATA[{9470089A-3B4B-46BD-B264-9544BDFB30A4}]]></ID><Comment><![CDATA[]]></Comment><GPODisplayName><![CDATA[Hardening-WKS-GERAL II]]></GPODisplayName></BackupInst>
