<BackupInst xmlns="http://www.microsoft.com/GroupPolicy/GPOOperations/Manifest"><GPOGuid><![CDATA[{4C62D34B-CB8E-4931-BBAF-BE6FA79E39F7}]]></GPOGuid><GPODomain><![CDATA[ourofino.dom]]></GPODomain><GPODomainGuid><![CDATA[{4e8f732f-ab42-4f02-ac46-7f702bf0e8c0}]]></GPODomainGuid><GPODomainController><![CDATA[ORFW12CACD01.ourofino.dom]]></GPODomainController><BackupTime><![CDATA[2024-07-31T19:28:27]]></BackupTime><ID><![CDATA[{2BAA52DE-957A-43E9-BA7B-5F84A882F2CB}]]></ID><Comment><![CDATA[]]></Comment><GPODisplayName><![CDATA[Hardening-COMP_L1_IG1_WKS-Advanced_Audit_Policy_Configuration]]></GPODisplayName></BackupInst>
