<BackupInst xmlns="http://www.microsoft.com/GroupPolicy/GPOOperations/Manifest"><GPOGuid><![CDATA[{A3AE6DF1-C9A6-4629-BF4E-F22395DCC158}]]></GPOGuid><GPODomain><![CDATA[ourofino.dom]]></GPODomain><GPODomainGuid><![CDATA[{4e8f732f-ab42-4f02-ac46-7f702bf0e8c0}]]></GPODomainGuid><GPODomainController><![CDATA[ORFW12CACD01.ourofino.dom]]></GPODomainController><BackupTime><![CDATA[2024-07-31T19:28:09]]></BackupTime><ID><![CDATA[{5637341F-E500-49C4-BE27-E1734A11FE17}]]></ID><Comment><![CDATA[]]></Comment><GPODisplayName><![CDATA[Hardening-COMP_L1_IG1_WKS-Administrative_Templates_Computer_General]]></GPODisplayName></BackupInst>
