<BackupInst xmlns="http://www.microsoft.com/GroupPolicy/GPOOperations/Manifest"><GPOGuid><![CDATA[{3FDB6EFF-0250-4019-B3A2-E7DCE70A3BE9}]]></GPOGuid><GPODomain><![CDATA[ourofino.dom]]></GPODomain><GPODomainGuid><![CDATA[{4e8f732f-ab42-4f02-ac46-7f702bf0e8c0}]]></GPODomainGuid><GPODomainController><![CDATA[ORFW12CACD01.ourofino.dom]]></GPODomainController><BackupTime><![CDATA[2024-07-31T19:29:37]]></BackupTime><ID><![CDATA[{7A8B2F0E-2099-472B-B4E0-69FED822A040}]]></ID><Comment><![CDATA[]]></Comment><GPODisplayName><![CDATA[Hardening-COMP_L1_IG2_WKS-System_Services]]></GPODisplayName></BackupInst>
