<BackupInst xmlns="http://www.microsoft.com/GroupPolicy/GPOOperations/Manifest"><GPOGuid><![CDATA[{D5315742-B1B5-407E-A8D1-DCE5DBEC1216}]]></GPOGuid><GPODomain><![CDATA[ourofino.dom]]></GPODomain><GPODomainGuid><![CDATA[{4e8f732f-ab42-4f02-ac46-7f702bf0e8c0}]]></GPODomainGuid><GPODomainController><![CDATA[ORFW12CACD01.ourofino.dom]]></GPODomainController><BackupTime><![CDATA[2024-08-01T11:34:13]]></BackupTime><ID><![CDATA[{ACE79A79-D4AF-4FC7-9B65-E9BEEC1FCD03}]]></ID><Comment><![CDATA[]]></Comment><GPODisplayName><![CDATA[Hardening-COMP_L2_IG1_WKS-Administrative_Templates_Computer_Windows_Components]]></GPODisplayName></BackupInst>
