<BackupInst xmlns="http://www.microsoft.com/GroupPolicy/GPOOperations/Manifest"><GPOGuid><![CDATA[{A690CBF2-8755-459D-924A-C2E540BFC293}]]></GPOGuid><GPODomain><![CDATA[ourofino.dom]]></GPODomain><GPODomainGuid><![CDATA[{4e8f732f-ab42-4f02-ac46-7f702bf0e8c0}]]></GPODomainGuid><GPODomainController><![CDATA[ORFW12CACD01.ourofino.dom]]></GPODomainController><BackupTime><![CDATA[2024-08-01T11:38:52]]></BackupTime><ID><![CDATA[{B603FEB0-B552-414C-A687-FA64D2E064D1}]]></ID><Comment><![CDATA[]]></Comment><GPODisplayName><![CDATA[Hardening-COMP_L2_IGN_WKS-Local_Policies]]></GPODisplayName></BackupInst>
