<BackupInst xmlns="http://www.microsoft.com/GroupPolicy/GPOOperations/Manifest"><GPOGuid><![CDATA[{5509C8C3-F04E-4F63-B788-B8E0F23BA659}]]></GPOGuid><GPODomain><![CDATA[ourofino.dom]]></GPODomain><GPODomainGuid><![CDATA[{4e8f732f-ab42-4f02-ac46-7f702bf0e8c0}]]></GPODomainGuid><GPODomainController><![CDATA[ORFW12CACD01.ourofino.dom]]></GPODomainController><BackupTime><![CDATA[2024-07-31T19:28:44]]></BackupTime><ID><![CDATA[{7606ECAB-089F-4D5E-91B9-7494A34824BD}]]></ID><Comment><![CDATA[]]></Comment><GPODisplayName><![CDATA[Hardening-COMP_L1_IG1_WKS-Windows_Firewall_with_Advanced_Security]]></GPODisplayName></BackupInst>
