<BackupInst xmlns="http://www.microsoft.com/GroupPolicy/GPOOperations/Manifest"><GPOGuid><![CDATA[{1E561F07-1E89-405F-9B36-4157A12ADD48}]]></GPOGuid><GPODomain><![CDATA[ourofino.dom]]></GPODomain><GPODomainGuid><![CDATA[{4e8f732f-ab42-4f02-ac46-7f702bf0e8c0}]]></GPODomainGuid><GPODomainController><![CDATA[ORFW12CACD01.ourofino.dom]]></GPODomainController><BackupTime><![CDATA[2024-08-01T11:39:22]]></BackupTime><ID><![CDATA[{7443DDA9-8796-4579-A568-6719AA451CA6}]]></ID><Comment><![CDATA[]]></Comment><GPODisplayName><![CDATA[Hardening-USER_L1_Win10-11-Administrative_Templates_User]]></GPODisplayName></BackupInst>
