<Backups xmlns="http://www.microsoft.com/GroupPolicy/GPOOperations/Manifest" xmlns:mfst="http://www.microsoft.com/GroupPolicy/GPOOperations/Manifest" mfst:version="1.0"><BackupInst><GPOGuid><![CDATA[{65FCD18F-18C7-484F-80B9-13B899E522E1}]]></GPOGuid><GPODomain><![CDATA[ourofino.dom]]></GPODomain><GPODomainGuid><![CDATA[{4e8f732f-ab42-4f02-ac46-7f702bf0e8c0}]]></GPODomainGuid><GPODomainController><![CDATA[ORFW12CACD01.ourofino.dom]]></GPODomainController><BackupTime><![CDATA[2024-08-01T11:39:53]]></BackupTime><ID><![CDATA[{9470089A-3B4B-46BD-B264-9544BDFB30A4}]]></ID><Comment><![CDATA[]]></Comment><GPODisplayName><![CDATA[Hardening-WKS-GERAL II]]></GPODisplayName></BackupInst><BackupInst><GPOGuid><![CDATA[{6C370317-0E50-47FF-B950-249003C8A17D}]]></GPOGuid><GPODomain><![CDATA[ourofino.dom]]></GPODomain><GPODomainGuid><![CDATA[{4e8f732f-ab42-4f02-ac46-7f702bf0e8c0}]]></GPODomainGuid><GPODomainController><![CDATA[ORFW12CACD01.ourofino.dom]]></GPODomainController><BackupTime><![CDATA[2024-08-01T11:39:41]]></BackupTime><ID><![CDATA[{A7439043-F585-4047-9394-43156B33F643}]]></ID><Comment><![CDATA[]]></Comment><GPODisplayName><![CDATA[Hardening-USER-GERAL II]]></GPODisplayName></BackupInst><BackupInst><GPOGuid><![CDATA[{000EB459-985F-4B1A-937D-86E6E37F8D7D}]]></GPOGuid><GPODomain><![CDATA[ourofino.dom]]></GPODomain><GPODomainGuid><![CDATA[{4e8f732f-ab42-4f02-ac46-7f702bf0e8c0}]]></GPODomainGuid><GPODomainController><![CDATA[ORFW12CACD01.ourofino.dom]]></GPODomainController><BackupTime><![CDATA[2024-08-01T11:39:32]]></BackupTime><ID><![CDATA[{9C3B06BC-A973-466B-972C-74084610213B}]]></ID><Comment><![CDATA[]]></Comment><GPODisplayName><![CDATA[Hardening-USER_L2_IGN_WKS-Administrative_Templates_User]]></GPODisplayName></BackupInst><BackupInst><GPOGuid><![CDATA[{1E561F07-1E89-405F-9B36-4157A12ADD48}]]></GPOGuid><GPODomain><![CDATA[ourofino.dom]]></GPODomain><GPODomainGuid><![CDATA[{4e8f732f-ab42-4f02-ac46-7f702bf0e8c0}]]></GPODomainGuid><GPODomainController><![CDATA[ORFW12CACD01.ourofino.dom]]></GPODomainController><BackupTime><![CDATA[2024-08-01T11:39:22]]></BackupTime><ID><![CDATA[{7443DDA9-8796-4579-A568-6719AA451CA6}]]></ID><Comment><![CDATA[]]></Comment><GPODisplayName><![CDATA[Hardening-USER_L1_Win10-11-Administrative_Templates_User]]></GPODisplayName></BackupInst><BackupInst><GPOGuid><![CDATA[{90DF0B9B-01F4-4F61-9F71-8222F150BC26}]]></GPOGuid><GPODomain><![CDATA[ourofino.dom]]></GPODomain><GPODomainGuid><![CDATA[{4e8f732f-ab42-4f02-ac46-7f702bf0e8c0}]]></GPODomainGuid><GPODomainController><![CDATA[ORFW12CACD01.ourofino.dom]]></GPODomainController><BackupTime><![CDATA[2024-08-01T11:39:11]]></BackupTime><ID><![CDATA[{A5D5424F-CF44-4AB9-B049-194E23DF529E}]]></ID><Comment><![CDATA[]]></Comment><GPODisplayName><![CDATA[Hardening-COMP_NG_IG2_WKS]]></GPODisplayName></BackupInst><BackupInst><GPOGuid><![CDATA[{C7AA83DD-EEEA-4D7B-9D67-187F3FBF9211}]]></GPOGuid><GPODomain><![CDATA[ourofino.dom]]></GPODomain><GPODomainGuid><![CDATA[{4e8f732f-ab42-4f02-ac46-7f702bf0e8c0}]]></GPODomainGuid><GPODomainController><![CDATA[ORFW12CACD01.ourofino.dom]]></GPODomainController><BackupTime><![CDATA[2024-08-01T11:39:04]]></BackupTime><ID><![CDATA[{2CBD5840-1070-4C1E-BA07-D16EE7D04A6D}]]></ID><Comment><![CDATA[]]></Comment><GPODisplayName><![CDATA[Hardening-COMP_NG_IG1_WKS]]></GPODisplayName></BackupInst><BackupInst><GPOGuid><![CDATA[{A690CBF2-8755-459D-924A-C2E540BFC293}]]></GPOGuid><GPODomain><![CDATA[ourofino.dom]]></GPODomain><GPODomainGuid><![CDATA[{4e8f732f-ab42-4f02-ac46-7f702bf0e8c0}]]></GPODomainGuid><GPODomainController><![CDATA[ORFW12CACD01.ourofino.dom]]></GPODomainController><BackupTime><![CDATA[2024-08-01T11:38:52]]></BackupTime><ID><![CDATA[{B603FEB0-B552-414C-A687-FA64D2E064D1}]]></ID><Comment><![CDATA[]]></Comment><GPODisplayName><![CDATA[Hardening-COMP_L2_IGN_WKS-Local_Policies]]></GPODisplayName></BackupInst><BackupInst><GPOGuid><![CDATA[{C85E99A3-BA15-46B8-A58C-7D7055259F5A}]]></GPOGuid><GPODomain><![CDATA[ourofino.dom]]></GPODomain><GPODomainGuid><![CDATA[{4e8f732f-ab42-4f02-ac46-7f702bf0e8c0}]]></GPODomainGuid><GPODomainController><![CDATA[ORFW12CACD01.ourofino.dom]]></GPODomainController><BackupTime><![CDATA[2024-08-01T11:38:27]]></BackupTime><ID><![CDATA[{96C9FAE3-9F6A-4714-BA52-8DD0775354F4}]]></ID><Comment><![CDATA[]]></Comment><GPODisplayName><![CDATA[Hardening-COMP_L2_IGN_WKS-Administrative_Templates_Computer_Windows_Components]]></GPODisplayName></BackupInst><BackupInst><GPOGuid><![CDATA[{DB0A9031-CA6D-4E9E-AC75-BDC9585F36DA}]]></GPOGuid><GPODomain><![CDATA[ourofino.dom]]></GPODomain><GPODomainGuid><![CDATA[{4e8f732f-ab42-4f02-ac46-7f702bf0e8c0}]]></GPODomainGuid><GPODomainController><![CDATA[ORFW12CACD01.ourofino.dom]]></GPODomainController><BackupTime><![CDATA[2024-08-01T11:38:15]]></BackupTime><ID><![CDATA[{FA164263-F53D-4638-BB6A-C99CAD27D483}]]></ID><Comment><![CDATA[]]></Comment><GPODisplayName><![CDATA[Hardening-COMP_L2_IGN_WKS-Administrative_Templates_Computer_General]]></GPODisplayName></BackupInst><BackupInst><GPOGuid><![CDATA[{1E65BBA7-9681-4A22-B09B-0423E5E9AD13}]]></GPOGuid><GPODomain><![CDATA[ourofino.dom]]></GPODomain><GPODomainGuid><![CDATA[{4e8f732f-ab42-4f02-ac46-7f702bf0e8c0}]]></GPODomainGuid><GPODomainController><![CDATA[ORFW12CACD01.ourofino.dom]]></GPODomainController><BackupTime><![CDATA[2024-08-01T11:38:05]]></BackupTime><ID><![CDATA[{686052A9-DDB6-4B9A-954D-2D626301F89D}]]></ID><Comment><![CDATA[]]></Comment><GPODisplayName><![CDATA[Hardening-COMP_L2_IG2_WKS-System_Services]]></GPODisplayName></BackupInst><BackupInst><GPOGuid><![CDATA[{44EDA612-6B62-4D21-AE84-96AB32400925}]]></GPOGuid><GPODomain><![CDATA[ourofino.dom]]></GPODomain><GPODomainGuid><![CDATA[{4e8f732f-ab42-4f02-ac46-7f702bf0e8c0}]]></GPODomainGuid><GPODomainController><![CDATA[ORFW12CACD01.ourofino.dom]]></GPODomainController><BackupTime><![CDATA[2024-08-01T11:37:57]]></BackupTime><ID><![CDATA[{7EE1C0E9-1D09-4AA1-928E-DBE33840BBDB}]]></ID><Comment><![CDATA[]]></Comment><GPODisplayName><![CDATA[Hardening-COMP_L2_IG2_WKS-Local_Policies]]></GPODisplayName></BackupInst><BackupInst><GPOGuid><![CDATA[{742FD767-176F-4292-A6E3-0195C238F6C4}]]></GPOGuid><GPODomain><![CDATA[ourofino.dom]]></GPODomain><GPODomainGuid><![CDATA[{4e8f732f-ab42-4f02-ac46-7f702bf0e8c0}]]></GPODomainGuid><GPODomainController><![CDATA[ORFW12CACD01.ourofino.dom]]></GPODomainController><BackupTime><![CDATA[2024-08-01T11:37:44]]></BackupTime><ID><![CDATA[{9335D16C-BBE7-4DC4-A44E-FC9901308531}]]></ID><Comment><![CDATA[]]></Comment><GPODisplayName><![CDATA[Hardening-COMP_L2_IG2_WKS-Administrative_Templates_Computer_Windows_Components]]></GPODisplayName></BackupInst><BackupInst><GPOGuid><![CDATA[{4FBCD6BC-49BC-4F98-A22D-598085F22697}]]></GPOGuid><GPODomain><![CDATA[ourofino.dom]]></GPODomain><GPODomainGuid><![CDATA[{4e8f732f-ab42-4f02-ac46-7f702bf0e8c0}]]></GPODomainGuid><GPODomainController><![CDATA[ORFW12CACD01.ourofino.dom]]></GPODomainController><BackupTime><![CDATA[2024-08-01T11:37:33]]></BackupTime><ID><![CDATA[{55E6F27A-B333-4663-ACD2-44C1455C4A0C}]]></ID><Comment><![CDATA[]]></Comment><GPODisplayName><![CDATA[Hardening-COMP_L2_IG2_WKS-Administrative_Templates_Computer_General]]></GPODisplayName></BackupInst><BackupInst><GPOGuid><![CDATA[{D5315742-B1B5-407E-A8D1-DCE5DBEC1216}]]></GPOGuid><GPODomain><![CDATA[ourofino.dom]]></GPODomain><GPODomainGuid><![CDATA[{4e8f732f-ab42-4f02-ac46-7f702bf0e8c0}]]></GPODomainGuid><GPODomainController><![CDATA[ORFW12CACD01.ourofino.dom]]></GPODomainController><BackupTime><![CDATA[2024-08-01T11:34:13]]></BackupTime><ID><![CDATA[{ACE79A79-D4AF-4FC7-9B65-E9BEEC1FCD03}]]></ID><Comment><![CDATA[]]></Comment><GPODisplayName><![CDATA[Hardening-COMP_L2_IG1_WKS-Administrative_Templates_Computer_Windows_Components]]></GPODisplayName></BackupInst><BackupInst><GPOGuid><![CDATA[{1E561F07-1E89-405F-9B36-4157A12ADD48}]]></GPOGuid><GPODomain><![CDATA[ourofino.dom]]></GPODomain><GPODomainGuid><![CDATA[{4e8f732f-ab42-4f02-ac46-7f702bf0e8c0}]]></GPODomainGuid><GPODomainController><![CDATA[ORFW12CACD01.ourofino.dom]]></GPODomainController><BackupTime><![CDATA[2024-07-31T19:30:51]]></BackupTime><ID><![CDATA[{7BF8C3AD-5B0F-4085-BCC9-D84E53767C5D}]]></ID><Comment><![CDATA[]]></Comment><GPODisplayName><![CDATA[Hardening-USER_L1_Win10-11-Administrative_Templates_User]]></GPODisplayName></BackupInst><BackupInst><GPOGuid><![CDATA[{44139BFD-8C69-46D7-A987-5DE02462CBFE}]]></GPOGuid><GPODomain><![CDATA[ourofino.dom]]></GPODomain><GPODomainGuid><![CDATA[{4e8f732f-ab42-4f02-ac46-7f702bf0e8c0}]]></GPODomainGuid><GPODomainController><![CDATA[ORFW12CACD01.ourofino.dom]]></GPODomainController><BackupTime><![CDATA[2024-07-31T19:30:40]]></BackupTime><ID><![CDATA[{AA559F3F-08E5-4407-A69D-8ABA051400CD}]]></ID><Comment><![CDATA[]]></Comment><GPODisplayName><![CDATA[Hardening-USER_L1_IGN_WKS-Administrative_Templates_User]]></GPODisplayName></BackupInst><BackupInst><GPOGuid><![CDATA[{18C56592-9864-4EE9-82FB-F648126DFE74}]]></GPOGuid><GPODomain><![CDATA[ourofino.dom]]></GPODomain><GPODomainGuid><![CDATA[{4e8f732f-ab42-4f02-ac46-7f702bf0e8c0}]]></GPODomainGuid><GPODomainController><![CDATA[ORFW12CACD01.ourofino.dom]]></GPODomainController><BackupTime><![CDATA[2024-07-31T19:30:31]]></BackupTime><ID><![CDATA[{10BE899D-A29F-42A4-A876-DF96A28B17C1}]]></ID><Comment><![CDATA[]]></Comment><GPODisplayName><![CDATA[Hardening-USER_L1_IG1_WKS-Administrative_Templates_User]]></GPODisplayName></BackupInst><BackupInst><GPOGuid><![CDATA[{3CBDC395-AA52-4E34-B1DF-E15CF29B7FBC}]]></GPOGuid><GPODomain><![CDATA[ourofino.dom]]></GPODomain><GPODomainGuid><![CDATA[{4e8f732f-ab42-4f02-ac46-7f702bf0e8c0}]]></GPODomainGuid><GPODomainController><![CDATA[ORFW12CACD01.ourofino.dom]]></GPODomainController><BackupTime><![CDATA[2024-07-31T19:30:03]]></BackupTime><ID><![CDATA[{6852BE48-EB1E-4486-9EE8-B73A70183760}]]></ID><Comment><![CDATA[]]></Comment><GPODisplayName><![CDATA[Hardening-COMP_L1_IGN_WKS-Local_Policies]]></GPODisplayName></BackupInst><BackupInst><GPOGuid><![CDATA[{28CC8E73-9CC0-4639-867C-1073E0741E61}]]></GPOGuid><GPODomain><![CDATA[ourofino.dom]]></GPODomain><GPODomainGuid><![CDATA[{4e8f732f-ab42-4f02-ac46-7f702bf0e8c0}]]></GPODomainGuid><GPODomainController><![CDATA[ORFW12CACD01.ourofino.dom]]></GPODomainController><BackupTime><![CDATA[2024-07-31T19:29:53]]></BackupTime><ID><![CDATA[{2DB5C875-E61B-4424-9D44-8276BCF1F6F0}]]></ID><Comment><![CDATA[]]></Comment><GPODisplayName><![CDATA[Hardening-COMP_L1_IGN_WKS-Administrative_Templates_Computer_Windows_Components]]></GPODisplayName></BackupInst><BackupInst><GPOGuid><![CDATA[{9CFD5FBA-A288-438B-B928-1072DFB1CAF0}]]></GPOGuid><GPODomain><![CDATA[ourofino.dom]]></GPODomain><GPODomainGuid><![CDATA[{4e8f732f-ab42-4f02-ac46-7f702bf0e8c0}]]></GPODomainGuid><GPODomainController><![CDATA[ORFW12CACD01.ourofino.dom]]></GPODomainController><BackupTime><![CDATA[2024-07-31T19:29:45]]></BackupTime><ID><![CDATA[{0683CD44-02B7-4A4A-9E80-9B03C2362A65}]]></ID><Comment><![CDATA[]]></Comment><GPODisplayName><![CDATA[Hardening-COMP_L1_IGN_WKS-Administrative_Templates_Computer_General]]></GPODisplayName></BackupInst><BackupInst><GPOGuid><![CDATA[{3FDB6EFF-0250-4019-B3A2-E7DCE70A3BE9}]]></GPOGuid><GPODomain><![CDATA[ourofino.dom]]></GPODomain><GPODomainGuid><![CDATA[{4e8f732f-ab42-4f02-ac46-7f702bf0e8c0}]]></GPODomainGuid><GPODomainController><![CDATA[ORFW12CACD01.ourofino.dom]]></GPODomainController><BackupTime><![CDATA[2024-07-31T19:29:37]]></BackupTime><ID><![CDATA[{7A8B2F0E-2099-472B-B4E0-69FED822A040}]]></ID><Comment><![CDATA[]]></Comment><GPODisplayName><![CDATA[Hardening-COMP_L1_IG2_WKS-System_Services]]></GPODisplayName></BackupInst><BackupInst><GPOGuid><![CDATA[{FDD56EF3-DB0D-4355-B760-548B5D8B76C9}]]></GPOGuid><GPODomain><![CDATA[ourofino.dom]]></GPODomain><GPODomainGuid><![CDATA[{4e8f732f-ab42-4f02-ac46-7f702bf0e8c0}]]></GPODomainGuid><GPODomainController><![CDATA[ORFW12CACD01.ourofino.dom]]></GPODomainController><BackupTime><![CDATA[2024-07-31T19:29:28]]></BackupTime><ID><![CDATA[{8A390BBE-3668-431A-9281-93EF69422AAD}]]></ID><Comment><![CDATA[]]></Comment><GPODisplayName><![CDATA[Hardening-COMP_L1_IG2_WKS-Local_Policies]]></GPODisplayName></BackupInst><BackupInst><GPOGuid><![CDATA[{68045425-33E9-436D-802B-E73BB639957B}]]></GPOGuid><GPODomain><![CDATA[ourofino.dom]]></GPODomain><GPODomainGuid><![CDATA[{4e8f732f-ab42-4f02-ac46-7f702bf0e8c0}]]></GPODomainGuid><GPODomainController><![CDATA[ORFW12CACD01.ourofino.dom]]></GPODomainController><BackupTime><![CDATA[2024-07-31T19:29:19]]></BackupTime><ID><![CDATA[{9E29749A-A8D9-456C-A50A-AF9022612DC9}]]></ID><Comment><![CDATA[]]></Comment><GPODisplayName><![CDATA[Hardening-COMP_L1_IG2_WKS-Advanced_Audit_Policy_Configuration]]></GPODisplayName></BackupInst><BackupInst><GPOGuid><![CDATA[{2624507B-4972-467F-BE9C-18EDDB0973D2}]]></GPOGuid><GPODomain><![CDATA[ourofino.dom]]></GPODomain><GPODomainGuid><![CDATA[{4e8f732f-ab42-4f02-ac46-7f702bf0e8c0}]]></GPODomainGuid><GPODomainController><![CDATA[ORFW12CACD01.ourofino.dom]]></GPODomainController><BackupTime><![CDATA[2024-07-31T19:29:11]]></BackupTime><ID><![CDATA[{83E79C22-A6F4-4684-8C6A-F6BF42AC9D8E}]]></ID><Comment><![CDATA[]]></Comment><GPODisplayName><![CDATA[Hardening-COMP_L1_IG2_WKS-Administrative_Templates_Computer_Windows_Components]]></GPODisplayName></BackupInst><BackupInst><GPOGuid><![CDATA[{D477E887-854B-44D3-8791-17FB84FF2FF0}]]></GPOGuid><GPODomain><![CDATA[ourofino.dom]]></GPODomain><GPODomainGuid><![CDATA[{4e8f732f-ab42-4f02-ac46-7f702bf0e8c0}]]></GPODomainGuid><GPODomainController><![CDATA[ORFW12CACD01.ourofino.dom]]></GPODomainController><BackupTime><![CDATA[2024-07-31T19:29:01]]></BackupTime><ID><![CDATA[{41B28749-72B3-4A39-9EBD-0644B53093DE}]]></ID><Comment><![CDATA[]]></Comment><GPODisplayName><![CDATA[Hardening-COMP_L1_IG2_WKS-Administrative_Templates_Computer_General]]></GPODisplayName></BackupInst><BackupInst><GPOGuid><![CDATA[{ADB8FAFB-7543-4BFC-978C-A92ABD36D205}]]></GPOGuid><GPODomain><![CDATA[ourofino.dom]]></GPODomain><GPODomainGuid><![CDATA[{4e8f732f-ab42-4f02-ac46-7f702bf0e8c0}]]></GPODomainGuid><GPODomainController><![CDATA[ORFW12CACD01.ourofino.dom]]></GPODomainController><BackupTime><![CDATA[2024-07-31T19:28:53]]></BackupTime><ID><![CDATA[{AF03415C-B24F-43B7-B8AF-EADF7F170040}]]></ID><Comment><![CDATA[]]></Comment><GPODisplayName><![CDATA[Hardening-COMP_L1_IG2_WKS-Account_Policies]]></GPODisplayName></BackupInst><BackupInst><GPOGuid><![CDATA[{5509C8C3-F04E-4F63-B788-B8E0F23BA659}]]></GPOGuid><GPODomain><![CDATA[ourofino.dom]]></GPODomain><GPODomainGuid><![CDATA[{4e8f732f-ab42-4f02-ac46-7f702bf0e8c0}]]></GPODomainGuid><GPODomainController><![CDATA[ORFW12CACD01.ourofino.dom]]></GPODomainController><BackupTime><![CDATA[2024-07-31T19:28:44]]></BackupTime><ID><![CDATA[{7606ECAB-089F-4D5E-91B9-7494A34824BD}]]></ID><Comment><![CDATA[]]></Comment><GPODisplayName><![CDATA[Hardening-COMP_L1_IG1_WKS-Windows_Firewall_with_Advanced_Security]]></GPODisplayName></BackupInst><BackupInst><GPOGuid><![CDATA[{D547E330-BC96-45DA-95C3-B3600511F35D}]]></GPOGuid><GPODomain><![CDATA[ourofino.dom]]></GPODomain><GPODomainGuid><![CDATA[{4e8f732f-ab42-4f02-ac46-7f702bf0e8c0}]]></GPODomainGuid><GPODomainController><![CDATA[ORFW12CACD01.ourofino.dom]]></GPODomainController><BackupTime><![CDATA[2024-07-31T19:28:36]]></BackupTime><ID><![CDATA[{E65F49A2-9D02-4801-90E8-0146E940328D}]]></ID><Comment><![CDATA[]]></Comment><GPODisplayName><![CDATA[Hardening-COMP_L1_IG1_WKS-Local_Policies]]></GPODisplayName></BackupInst><BackupInst><GPOGuid><![CDATA[{4C62D34B-CB8E-4931-BBAF-BE6FA79E39F7}]]></GPOGuid><GPODomain><![CDATA[ourofino.dom]]></GPODomain><GPODomainGuid><![CDATA[{4e8f732f-ab42-4f02-ac46-7f702bf0e8c0}]]></GPODomainGuid><GPODomainController><![CDATA[ORFW12CACD01.ourofino.dom]]></GPODomainController><BackupTime><![CDATA[2024-07-31T19:28:27]]></BackupTime><ID><![CDATA[{2BAA52DE-957A-43E9-BA7B-5F84A882F2CB}]]></ID><Comment><![CDATA[]]></Comment><GPODisplayName><![CDATA[Hardening-COMP_L1_IG1_WKS-Advanced_Audit_Policy_Configuration]]></GPODisplayName></BackupInst><BackupInst><GPOGuid><![CDATA[{6EFF0ABE-0BA8-4970-9607-6DB4F4ED6F91}]]></GPOGuid><GPODomain><![CDATA[ourofino.dom]]></GPODomain><GPODomainGuid><![CDATA[{4e8f732f-ab42-4f02-ac46-7f702bf0e8c0}]]></GPODomainGuid><GPODomainController><![CDATA[ORFW12CACD01.ourofino.dom]]></GPODomainController><BackupTime><![CDATA[2024-07-31T19:28:19]]></BackupTime><ID><![CDATA[{26E14117-4E47-4E4F-841E-56AEAAF16373}]]></ID><Comment><![CDATA[]]></Comment><GPODisplayName><![CDATA[Hardening-COMP_L1_IG1_WKS-Administrative_Templates_Computer_Windows_Components]]></GPODisplayName></BackupInst><BackupInst><GPOGuid><![CDATA[{A3AE6DF1-C9A6-4629-BF4E-F22395DCC158}]]></GPOGuid><GPODomain><![CDATA[ourofino.dom]]></GPODomain><GPODomainGuid><![CDATA[{4e8f732f-ab42-4f02-ac46-7f702bf0e8c0}]]></GPODomainGuid><GPODomainController><![CDATA[ORFW12CACD01.ourofino.dom]]></GPODomainController><BackupTime><![CDATA[2024-07-31T19:28:09]]></BackupTime><ID><![CDATA[{5637341F-E500-49C4-BE27-E1734A11FE17}]]></ID><Comment><![CDATA[]]></Comment><GPODisplayName><![CDATA[Hardening-COMP_L1_IG1_WKS-Administrative_Templates_Computer_General]]></GPODisplayName></BackupInst><BackupInst><GPOGuid><![CDATA[{7115FE23-23CD-4682-BAB3-6A52F5D49342}]]></GPOGuid><GPODomain><![CDATA[ourofino.dom]]></GPODomain><GPODomainGuid><![CDATA[{4e8f732f-ab42-4f02-ac46-7f702bf0e8c0}]]></GPODomainGuid><GPODomainController><![CDATA[ORFW12CACD01.ourofino.dom]]></GPODomainController><BackupTime><![CDATA[2024-07-31T19:27:35]]></BackupTime><ID><![CDATA[{6259FA56-1D86-4C5F-8C16-D9D095475E5A}]]></ID><Comment><![CDATA[]]></Comment><GPODisplayName><![CDATA[Hardening-COMP_L1_IG1_WKS-Account_Policies]]></GPODisplayName></BackupInst></Backups>