<BackupInst xmlns="http://www.microsoft.com/GroupPolicy/GPOOperations/Manifest"><GPOGuid><![CDATA[{44139BFD-8C69-46D7-A987-5DE02462CBFE}]]></GPOGuid><GPODomain><![CDATA[ourofino.dom]]></GPODomain><GPODomainGuid><![CDATA[{4e8f732f-ab42-4f02-ac46-7f702bf0e8c0}]]></GPODomainGuid><GPODomainController><![CDATA[ORFW12CACD01.ourofino.dom]]></GPODomainController><BackupTime><![CDATA[2024-07-31T19:30:40]]></BackupTime><ID><![CDATA[{AA559F3F-08E5-4407-A69D-8ABA051400CD}]]></ID><Comment><![CDATA[]]></Comment><GPODisplayName><![CDATA[Hardening-USER_L1_IGN_WKS-Administrative_Templates_User]]></GPODisplayName></BackupInst>
