<BackupInst xmlns="http://www.microsoft.com/GroupPolicy/GPOOperations/Manifest"><GPOGuid><![CDATA[{6C370317-0E50-47FF-B950-249003C8A17D}]]></GPOGuid><GPODomain><![CDATA[ourofino.dom]]></GPODomain><GPODomainGuid><![CDATA[{4e8f732f-ab42-4f02-ac46-7f702bf0e8c0}]]></GPODomainGuid><GPODomainController><![CDATA[ORFW12CACD01.ourofino.dom]]></GPODomainController><BackupTime><![CDATA[2024-08-01T11:39:41]]></BackupTime><ID><![CDATA[{A7439043-F585-4047-9394-43156B33F643}]]></ID><Comment><![CDATA[]]></Comment><GPODisplayName><![CDATA[Hardening-USER-GERAL II]]></GPODisplayName></BackupInst>
