<?xml version="1.0" encoding="utf-8"?>
<NTServices clsid="{2CFB484A-4E96-4b5d-A0B6-093D2F91E6AE}"><NTService clsid="{AB6F0B67-341F-4e51-92F9-005FBFBA1A43}" name="Browser" image="4" changed="2023-09-04 19:30:48" uid="{10C94469-8D33-4DCC-816D-066A2667A93B}"><Properties startupType="DISABLED" serviceName="Browser" serviceAction="STOP" timeout="30"/></NTService>
	<NTService clsid="{AB6F0B67-341F-4e51-92F9-005FBFBA1A43}" name="IISADMIN" image="4" changed="2023-09-04 19:31:16" uid="{030ABFD1-C42E-424C-B820-22BCE79DDDE5}"><Properties startupType="DISABLED" serviceName="IISADMIN" serviceAction="STOP" timeout="30"/></NTService>
	<NTService clsid="{AB6F0B67-341F-4e51-92F9-005FBFBA1A43}" name="irmon" image="4" changed="2023-09-04 19:31:33" uid="{66AA4C67-49FB-4011-AF78-0EDE2961333B}"><Properties startupType="DISABLED" serviceName="irmon" serviceAction="STOP" timeout="30"/></NTService>
	<NTService clsid="{AB6F0B67-341F-4e51-92F9-005FBFBA1A43}" name="LxssManager" image="4" changed="2023-09-04 19:31:50" uid="{D461B7B0-F98F-4689-8870-BCA5092CB445}"><Properties startupType="DISABLED" serviceName="LxssManager" serviceAction="STOP" timeout="30"/></NTService>
	<NTService clsid="{AB6F0B67-341F-4e51-92F9-005FBFBA1A43}" name="FTPSVC" image="4" changed="2023-09-04 19:33:21" uid="{4E77672C-B6FB-4DF2-B157-040DDA113F20}"><Properties startupType="DISABLED" serviceName="FTPSVC" serviceAction="STOP" timeout="30"/></NTService>
	<NTService clsid="{AB6F0B67-341F-4e51-92F9-005FBFBA1A43}" name="sshd" image="4" changed="2023-09-04 19:34:04" uid="{22AFA557-D143-4635-947F-335ED27BA133}"><Properties startupType="DISABLED" serviceName="sshd" serviceAction="STOP" timeout="30"/></NTService>
	<NTService clsid="{AB6F0B67-341F-4e51-92F9-005FBFBA1A43}" name="PNRPsvc" image="4" changed="2023-09-04 19:34:19" uid="{661F465F-5F14-476F-B1A3-BE7340EDE5C0}"><Properties startupType="DISABLED" serviceName="PNRPsvc" serviceAction="STOP" timeout="30"/></NTService>
	<NTService clsid="{AB6F0B67-341F-4e51-92F9-005FBFBA1A43}" name="p2psvc" image="4" changed="2023-09-04 19:34:43" uid="{C46DB018-019F-4791-AE96-503A0584E181}"><Properties startupType="DISABLED" serviceName="p2psvc" serviceAction="STOP" timeout="30"/></NTService>
	<NTService clsid="{AB6F0B67-341F-4e51-92F9-005FBFBA1A43}" name="p2pimsvc" image="4" changed="2023-09-04 19:35:06" uid="{62390D00-DE7F-498C-98E1-82FAA0BB77E1}"><Properties startupType="DISABLED" serviceName="p2pimsvc" serviceAction="STOP" timeout="30"/></NTService>
	<NTService clsid="{AB6F0B67-341F-4e51-92F9-005FBFBA1A43}" name="PNRPAutoReg" image="4" changed="2023-09-04 19:35:20" uid="{9A2CCA2A-9DED-4B33-A1BC-6BFC6AD6706B}"><Properties startupType="DISABLED" serviceName="PNRPAutoReg" serviceAction="STOP" timeout="30"/></NTService>
	<NTService clsid="{AB6F0B67-341F-4e51-92F9-005FBFBA1A43}" name="simptcp" image="4" changed="2023-09-04 19:35:39" uid="{4A385E65-A100-49CD-997F-D25D39CAA6CF}"><Properties startupType="DISABLED" serviceName="simptcp" serviceAction="STOP" timeout="30"/></NTService>
	<NTService clsid="{AB6F0B67-341F-4e51-92F9-005FBFBA1A43}" name="SNMP" image="4" changed="2023-09-04 19:36:13" uid="{AB1D12B4-5B3F-4548-B58D-6917D6A930A7}"><Properties startupType="DISABLED" serviceName="SNMP" serviceAction="STOP" timeout="30"/></NTService>
	<NTService clsid="{AB6F0B67-341F-4e51-92F9-005FBFBA1A43}" name="WMSvc" image="4" changed="2023-09-04 19:36:28" uid="{EF443347-AF8C-4A74-BA2A-8E8EC4340B1E}"><Properties startupType="DISABLED" serviceName="WMSvc" serviceAction="STOP" timeout="30"/></NTService>
	<NTService clsid="{AB6F0B67-341F-4e51-92F9-005FBFBA1A43}" name="XboxGipSvc" image="4" changed="2023-09-04 19:36:43" uid="{677DCE68-9E8B-4112-BB28-F195C991905C}"><Properties startupType="DISABLED" serviceName="XboxGipSvc" serviceAction="STOP" timeout="30"/></NTService>
	<NTService clsid="{AB6F0B67-341F-4e51-92F9-005FBFBA1A43}" name="XblAuthManager" image="4" changed="2023-09-04 19:36:57" uid="{20618D2C-DD54-431D-859D-FEF567E5E1C0}"><Properties startupType="DISABLED" serviceName="XblAuthManager" serviceAction="STOP" timeout="30"/></NTService>
	<NTService clsid="{AB6F0B67-341F-4e51-92F9-005FBFBA1A43}" name="XblGameSave" image="4" changed="2023-09-04 19:37:08" uid="{5B1D9E36-F639-4202-B86D-2765707DA118}"><Properties startupType="DISABLED" serviceName="XblGameSave" serviceAction="STOP" timeout="30"/></NTService>
	<NTService clsid="{AB6F0B67-341F-4e51-92F9-005FBFBA1A43}" name="XboxNetApiSvc" image="4" changed="2023-09-04 19:37:35" uid="{7D0AD3CC-A1A0-4428-A7F1-7AD11B64B70F}"><Properties startupType="DISABLED" serviceName="XboxNetApiSvc" serviceAction="STOP" timeout="30"/></NTService>
</NTServices>
