<BackupInst xmlns="http://www.microsoft.com/GroupPolicy/GPOOperations/Manifest"><GPOGuid><![CDATA[{DB0A9031-CA6D-4E9E-AC75-BDC9585F36DA}]]></GPOGuid><GPODomain><![CDATA[ourofino.dom]]></GPODomain><GPODomainGuid><![CDATA[{4e8f732f-ab42-4f02-ac46-7f702bf0e8c0}]]></GPODomainGuid><GPODomainController><![CDATA[ORFW12CACD01.ourofino.dom]]></GPODomainController><BackupTime><![CDATA[2024-08-01T11:38:15]]></BackupTime><ID><![CDATA[{FA164263-F53D-4638-BB6A-C99CAD27D483}]]></ID><Comment><![CDATA[]]></Comment><GPODisplayName><![CDATA[Hardening-COMP_L2_IGN_WKS-Administrative_Templates_Computer_General]]></GPODisplayName></BackupInst>
