<BackupInst xmlns="http://www.microsoft.com/GroupPolicy/GPOOperations/Manifest"><GPOGuid><![CDATA[{28CC8E73-9CC0-4639-867C-1073E0741E61}]]></GPOGuid><GPODomain><![CDATA[ourofino.dom]]></GPODomain><GPODomainGuid><![CDATA[{4e8f732f-ab42-4f02-ac46-7f702bf0e8c0}]]></GPODomainGuid><GPODomainController><![CDATA[ORFW12CACD01.ourofino.dom]]></GPODomainController><BackupTime><![CDATA[2024-07-31T19:29:53]]></BackupTime><ID><![CDATA[{2DB5C875-E61B-4424-9D44-8276BCF1F6F0}]]></ID><Comment><![CDATA[]]></Comment><GPODisplayName><![CDATA[Hardening-COMP_L1_IGN_WKS-Administrative_Templates_Computer_Windows_Components]]></GPODisplayName></BackupInst>
