<BackupInst xmlns="http://www.microsoft.com/GroupPolicy/GPOOperations/Manifest"><GPOGuid><![CDATA[{9CFD5FBA-A288-438B-B928-1072DFB1CAF0}]]></GPOGuid><GPODomain><![CDATA[ourofino.dom]]></GPODomain><GPODomainGuid><![CDATA[{4e8f732f-ab42-4f02-ac46-7f702bf0e8c0}]]></GPODomainGuid><GPODomainController><![CDATA[ORFW12CACD01.ourofino.dom]]></GPODomainController><BackupTime><![CDATA[2024-07-31T19:29:45]]></BackupTime><ID><![CDATA[{0683CD44-02B7-4A4A-9E80-9B03C2362A65}]]></ID><Comment><![CDATA[]]></Comment><GPODisplayName><![CDATA[Hardening-COMP_L1_IGN_WKS-Administrative_Templates_Computer_General]]></GPODisplayName></BackupInst>
