<BackupInst xmlns="http://www.microsoft.com/GroupPolicy/GPOOperations/Manifest"><GPOGuid><![CDATA[{90DF0B9B-01F4-4F61-9F71-8222F150BC26}]]></GPOGuid><GPODomain><![CDATA[ourofino.dom]]></GPODomain><GPODomainGuid><![CDATA[{4e8f732f-ab42-4f02-ac46-7f702bf0e8c0}]]></GPODomainGuid><GPODomainController><![CDATA[ORFW12CACD01.ourofino.dom]]></GPODomainController><BackupTime><![CDATA[2024-08-01T11:39:11]]></BackupTime><ID><![CDATA[{A5D5424F-CF44-4AB9-B049-194E23DF529E}]]></ID><Comment><![CDATA[]]></Comment><GPODisplayName><![CDATA[Hardening-COMP_NG_IG2_WKS]]></GPODisplayName></BackupInst>
