<BackupInst xmlns="http://www.microsoft.com/GroupPolicy/GPOOperations/Manifest"><GPOGuid><![CDATA[{18C56592-9864-4EE9-82FB-F648126DFE74}]]></GPOGuid><GPODomain><![CDATA[ourofino.dom]]></GPODomain><GPODomainGuid><![CDATA[{4e8f732f-ab42-4f02-ac46-7f702bf0e8c0}]]></GPODomainGuid><GPODomainController><![CDATA[ORFW12CACD01.ourofino.dom]]></GPODomainController><BackupTime><![CDATA[2024-07-31T19:30:31]]></BackupTime><ID><![CDATA[{10BE899D-A29F-42A4-A876-DF96A28B17C1}]]></ID><Comment><![CDATA[]]></Comment><GPODisplayName><![CDATA[Hardening-USER_L1_IG1_WKS-Administrative_Templates_User]]></GPODisplayName></BackupInst>
