<BackupInst xmlns="http://www.microsoft.com/GroupPolicy/GPOOperations/Manifest"><GPOGuid><![CDATA[{000EB459-985F-4B1A-937D-86E6E37F8D7D}]]></GPOGuid><GPODomain><![CDATA[ourofino.dom]]></GPODomain><GPODomainGuid><![CDATA[{4e8f732f-ab42-4f02-ac46-7f702bf0e8c0}]]></GPODomainGuid><GPODomainController><![CDATA[ORFW12CACD01.ourofino.dom]]></GPODomainController><BackupTime><![CDATA[2024-08-01T11:39:32]]></BackupTime><ID><![CDATA[{9C3B06BC-A973-466B-972C-74084610213B}]]></ID><Comment><![CDATA[]]></Comment><GPODisplayName><![CDATA[Hardening-USER_L2_IGN_WKS-Administrative_Templates_User]]></GPODisplayName></BackupInst>
