<BackupInst xmlns="http://www.microsoft.com/GroupPolicy/GPOOperations/Manifest"><GPOGuid><![CDATA[{44EDA612-6B62-4D21-AE84-96AB32400925}]]></GPOGuid><GPODomain><![CDATA[ourofino.dom]]></GPODomain><GPODomainGuid><![CDATA[{4e8f732f-ab42-4f02-ac46-7f702bf0e8c0}]]></GPODomainGuid><GPODomainController><![CDATA[ORFW12CACD01.ourofino.dom]]></GPODomainController><BackupTime><![CDATA[2024-08-01T11:37:57]]></BackupTime><ID><![CDATA[{7EE1C0E9-1D09-4AA1-928E-DBE33840BBDB}]]></ID><Comment><![CDATA[]]></Comment><GPODisplayName><![CDATA[Hardening-COMP_L2_IG2_WKS-Local_Policies]]></GPODisplayName></BackupInst>
