<?xml version="1.0" encoding="utf-8"?><!-- Copyright (c) Microsoft Corporation.  All rights reserved. --><GroupPolicyBackupScheme bkp:version="2.0" bkp:type="GroupPolicyBackupTemplate" xmlns:bkp="http://www.microsoft.com/GroupPolicy/GPOOperations" xmlns="http://www.microsoft.com/GroupPolicy/GPOOperations">
    <GroupPolicyObject><SecurityGroups><Group bkp:Source="FromDACL"><Sid><![CDATA[S-1-5-21-1482133250-1625984252-2911637778-512]]></Sid><SamAccountName><![CDATA[Admins. do domínio]]></SamAccountName><Type><![CDATA[GlobalGroup]]></Type><NetBIOSDomainName><![CDATA[OUROFINO]]></NetBIOSDomainName><DnsDomainName><![CDATA[ourofino.dom]]></DnsDomainName><UPN><![CDATA[Admins. do domínio@ourofino.dom]]></UPN></Group><Group bkp:Source="FromDACL"><Sid><![CDATA[S-1-5-21-1482133250-1625984252-2911637778-519]]></Sid><SamAccountName><![CDATA[Administração de empresa]]></SamAccountName><Type><![CDATA[UniversalGroup]]></Type><NetBIOSDomainName><![CDATA[OUROFINO]]></NetBIOSDomainName><DnsDomainName><![CDATA[ourofino.dom]]></DnsDomainName><UPN><![CDATA[Administração de empresa@ourofino.dom]]></UPN></Group><Group bkp:Source="FromDACL"><Sid><![CDATA[S-1-5-21-1482133250-1625984252-2911637778-39416]]></Sid><SamAccountName><![CDATA[Hardening Symbioti Quimica I]]></SamAccountName><Type><![CDATA[UniversalGroup]]></Type><NetBIOSDomainName><![CDATA[OUROFINO]]></NetBIOSDomainName><DnsDomainName><![CDATA[ourofino.dom]]></DnsDomainName><UPN><![CDATA[Hardening Symbioti Quimica I@ourofino.dom]]></UPN></Group></SecurityGroups><FilePaths/><GroupPolicyCoreSettings><ID><![CDATA[{C85E99A3-BA15-46B8-A58C-7D7055259F5A}]]></ID><Domain><![CDATA[ourofino.dom]]></Domain><SecurityDescriptor>01 00 04 9c 00 00 00 00 00 00 00 00 00 00 00 00 14 00 00 00 04 00 48 01 0a 00 00 00 05 02 38 00 00 01 00 00 01 00 00 00 8f fd ac ed b3 ff d1 11 b4 1d 00 a0 c9 68 f9 39 01 05 00 00 00 00 00 05 15 00 00 00 02 8f 57 58 fc 8c ea 60 12 11 8c ad f8 99 00 00 05 02 28 00 00 01 00 00 01 00 00 00 8f fd ac ed b3 ff d1 11 b4 1d 00 a0 c9 68 f9 39 01 01 00 00 00 00 00 05 0b 00 00 00 00 00 24 00 ff 00 0f 00 01 05 00 00 00 00 00 05 15 00 00 00 02 8f 57 58 fc 8c ea 60 12 11 8c ad 00 02 00 00 00 02 24 00 14 00 02 00 01 05 00 00 00 00 00 05 15 00 00 00 02 8f 57 58 fc 8c ea 60 12 11 8c ad f8 99 00 00 00 02 24 00 ff 00 0f 00 01 05 00 00 00 00 00 05 15 00 00 00 02 8f 57 58 fc 8c ea 60 12 11 8c ad 00 02 00 00 00 02 24 00 ff 00 0f 00 01 05 00 00 00 00 00 05 15 00 00 00 02 8f 57 58 fc 8c ea 60 12 11 8c ad 07 02 00 00 00 02 14 00 14 00 02 00 01 01 00 00 00 00 00 05 0b 00 00 00 00 02 14 00 94 00 02 00 01 01 00 00 00 00 00 05 09 00 00 00 00 02 14 00 ff 00 0f 00 01 01 00 00 00 00 00 05 12 00 00 00 00 0a 14 00 ff 00 0f 00 01 01 00 00 00 00 00 03 00 00 00 00</SecurityDescriptor><DisplayName><![CDATA[Hardening-COMP_L2_IGN_WKS-Administrative_Templates_Computer_Windows_Components]]></DisplayName><Options><![CDATA[0]]></Options><UserVersionNumber><![CDATA[0]]></UserVersionNumber><MachineVersionNumber><![CDATA[0]]></MachineVersionNumber><MachineExtensionGuids/><UserExtensionGuids/><WMIFilter/></GroupPolicyCoreSettings> 
        <GroupPolicyExtension bkp:ID="{35378EAC-683F-11D2-A89A-00C04FBBCFA2}" bkp:DescName="Registry">
            
            
            <FSObjectFile bkp:Path="%GPO_FSPATH%\Adm\*.*" bkp:SourceExpandedPath="\\ORFW12CACD01.ourofino.dom\sysvol\ourofino.dom\Policies\{C85E99A3-BA15-46B8-A58C-7D7055259F5A}\Adm\*.*"/>
        </GroupPolicyExtension>
        
        
        
        
        
        
        
        
        
    <GroupPolicyExtension bkp:ID="{F15C46CD-82A0-4C2D-A210-5D0D3182A418}" bkp:DescName="Unknown Extension"/></GroupPolicyObject>
</GroupPolicyBackupScheme>