<BackupInst xmlns="http://www.microsoft.com/GroupPolicy/GPOOperations/Manifest"><GPOGuid><![CDATA[{C85E99A3-BA15-46B8-A58C-7D7055259F5A}]]></GPOGuid><GPODomain><![CDATA[ourofino.dom]]></GPODomain><GPODomainGuid><![CDATA[{4e8f732f-ab42-4f02-ac46-7f702bf0e8c0}]]></GPODomainGuid><GPODomainController><![CDATA[ORFW12CACD01.ourofino.dom]]></GPODomainController><BackupTime><![CDATA[2024-08-01T11:38:27]]></BackupTime><ID><![CDATA[{96C9FAE3-9F6A-4714-BA52-8DD0775354F4}]]></ID><Comment><![CDATA[]]></Comment><GPODisplayName><![CDATA[Hardening-COMP_L2_IGN_WKS-Administrative_Templates_Computer_Windows_Components]]></GPODisplayName></BackupInst>
